{
  "label": "p7_7_higher_k_omega_fix",
  "e8_dim": 248,
  "predicted_omega_fix": 0.4959677419354839,
  "n_pts": 25000,
  "seed": 12345,
  "k_list": [
    3
  ],
  "test_degree_list": [
    5
  ],
  "wallclock_estimates": [
    {
      "k": 3,
      "estimated_donaldson_seconds_each_geometry": 90.0,
      "estimated_spectrum_seconds_each_cell": 10.0
    }
  ],
  "cells": [
    {
      "channel": "bundle_laplacian",
      "geometry": "schoen_z3xz3",
      "k": 3,
      "test_degree": 5,
      "metric_iters": 24,
      "metric_sigma_residual": 1.8522547541722887,
      "metric_seconds": 1.886169,
      "spectrum_seconds": 36.9344664,
      "full_basis_dim": 18816,
      "gamma_basis_dim": 2088,
      "final_basis_dim": 374,
      "gamma_survival_fraction": 0.11096938775510204,
      "final_survival_fraction": 0.01987670068027211,
      "n_points": 25000,
      "lambda_min_nonzero": 22.853957906875483,
      "lambda_max": 19374.530815829818,
      "lambda_mean": 520.9773033794357,
      "lambda_trace": 194845.51146390897,
      "volume_proxy": 0.7410240907569103,
      "full_spectrum_head": [
        22.040055009461643,
        22.853957906875483,
        23.32301252757727,
        23.769177551681576,
        25.232217059764583,
        25.287945471691437,
        25.357153562012094,
        25.392193176252732,
        25.513427220430547,
        25.67896105312853,
        25.897342825809442,
        26.07136312238834,
        26.433391627793135,
        26.858353449784243,
        26.91293301213068,
        26.997621681789344,
        27.350308350317903,
        27.40671365757183,
        27.56973162820019,
        27.627832732220874
      ],
      "bottom_eigvalues": [
        {
          "rank": 0,
          "eigenvalue": 22.853957906875483,
          "normalised": {
            "raw": 22.853957906875483,
            "by_lambda1_min": 1.0,
            "by_lambda_max": 0.0011795876826190199,
            "by_mean": 0.04386747322508711,
            "by_trace": 0.00011729270915798692,
            "by_volume": 30.841045779674417,
            "by_saturating_abs": 0.9580782357416767,
            "by_volume_dim": 20.681031631633793
          },
          "residual_ppm_raw": 45079524.88540748,
          "residual_ppm_by_lambda1_min": 1016260.162601626,
          "residual_ppm_by_lambda_max": 997621.6443472398,
          "residual_ppm_by_mean": 911551.7613022634,
          "residual_ppm_by_trace": 999763.5073831611,
          "residual_ppm_by_volume": 61183571.97853053,
          "residual_ppm_by_saturating_abs": 931734.979381592,
          "residual_ppm_by_volume_dim": 40698340.20036732
        },
        {
          "rank": 1,
          "eigenvalue": 23.32301252757727,
          "normalised": {
            "raw": 23.32301252757727,
            "by_lambda1_min": 1.0205239995021027,
            "by_lambda_max": 0.001203797539629779,
            "by_mean": 0.0447678092237173,
            "by_trace": 0.00011970002466234572,
            "by_volume": 31.47402738790078,
            "by_saturating_abs": 0.9588866716708628,
            "by_volume_dim": 21.10548911454441
          },
          "residual_ppm_raw": 46025261.0312127,
          "residual_ppm_by_lambda1_min": 1057641.8851749713,
          "residual_ppm_by_lambda_max": 997572.8309770066,
          "residual_ppm_by_mean": 909736.4496952691,
          "residual_ppm_by_trace": 999758.653608811,
          "residual_ppm_by_volume": 62459827.578856856,
          "residual_ppm_by_saturating_abs": 933364.9965396258,
          "residual_ppm_by_volume_dim": 41554156.91387816
        },
        {
          "rank": 2,
          "eigenvalue": 23.769177551681576,
          "normalised": {
            "raw": 23.769177551681576,
            "by_lambda1_min": 1.0400464395942006,
            "by_lambda_max": 0.0012268259694970857,
            "by_mean": 0.045624209341745776,
            "by_trace": 0.0001219898645501224,
            "by_volume": 32.07611985651213,
            "by_saturating_abs": 0.9596272424502803,
            "by_volume_dim": 21.509233315615766
          },
          "residual_ppm_raw": 46924845.79526041,
          "residual_ppm_by_lambda1_min": 1097004.203409445,
          "residual_ppm_by_lambda_max": 997526.3996712579,
          "residual_ppm_by_mean": 908009.7242540411,
          "residual_ppm_by_trace": 999754.0366958664,
          "residual_ppm_by_volume": 63673802.63752039,
          "residual_ppm_by_saturating_abs": 934858.1798997521,
          "residual_ppm_by_volume_dim": 42368210.26237976
        },
        {
          "rank": 3,
          "eigenvalue": 25.232217059764583,
          "normalised": {
            "raw": 25.232217059764583,
            "by_lambda1_min": 1.1040633382882714,
            "by_lambda_max": 0.001302339514676081,
            "by_mean": 0.04843246893116104,
            "by_trace": 0.00012949858002984235,
            "by_volume": 34.05046795980874,
            "by_saturating_abs": 0.9618789369681674,
            "by_volume_dim": 22.83316882246694
          },
          "residual_ppm_raw": 49874714.07172046,
          "residual_ppm_by_lambda1_min": 1226078.9259796042,
          "residual_ppm_by_lambda_max": 997374.1447183767,
          "residual_ppm_by_mean": 902347.542317659,
          "residual_ppm_by_trace": 999738.8971719723,
          "residual_ppm_by_volume": 67654602.06530544,
          "residual_ppm_by_saturating_abs": 939398.1818545164,
          "residual_ppm_by_volume_dim": 45037608.68269757
        },
        {
          "rank": 4,
          "eigenvalue": 25.287945471691437,
          "normalised": {
            "raw": 25.287945471691437,
            "by_lambda1_min": 1.1065017960886199,
            "by_lambda_max": 0.0013052158894619583,
            "by_mean": 0.04853943791342833,
            "by_trace": 0.00012978459335141266,
            "by_volume": 34.12567254846109,
            "by_saturating_abs": 0.961959750674435,
            "by_volume_dim": 22.88359864536835
          },
          "residual_ppm_raw": 49987077.04861363,
          "residual_ppm_by_lambda1_min": 1230995.4913006318,
          "residual_ppm_by_lambda_max": 997368.3451984832,
          "residual_ppm_by_mean": 902131.8650200794,
          "residual_ppm_by_trace": 999738.320494706,
          "residual_ppm_by_volume": 67806234.08145002,
          "residual_ppm_by_saturating_abs": 939561.1233110558,
          "residual_ppm_by_volume_dim": 45139288.32562074
        },
        {
          "rank": 5,
          "eigenvalue": 25.357153562012094,
          "normalised": {
            "raw": 25.357153562012094,
            "by_lambda1_min": 1.109530072004882,
            "by_lambda_max": 0.0013087880064323529,
            "by_mean": 0.048672280726103134,
            "by_trace": 0.0001301397880377089,
            "by_volume": 34.21906774462801,
            "by_saturating_abs": 0.9620596360055634,
            "by_volume_dim": 22.94622651538188
          },
          "residual_ppm_raw": 50126618.5640569,
          "residual_ppm_by_lambda1_min": 1237101.283391957,
          "residual_ppm_by_lambda_max": 997361.1428813396,
          "residual_ppm_by_mean": 901864.0193489954,
          "residual_ppm_by_trace": 999737.6043298101,
          "residual_ppm_by_volume": 67994543.09485975,
          "residual_ppm_by_saturating_abs": 939762.5181250385,
          "residual_ppm_by_volume_dim": 45265562.40499761
        },
        {
          "rank": 6,
          "eigenvalue": 25.392193176252732,
          "normalised": {
            "raw": 25.392193176252732,
            "by_lambda1_min": 1.11106326876596,
            "by_lambda_max": 0.001310596546446752,
            "by_mean": 0.04873953819396852,
            "by_trace": 0.00013031962083948802,
            "by_volume": 34.26635313612567,
            "by_saturating_abs": 0.9621100075570914,
            "by_volume_dim": 22.977934606095257
          },
          "residual_ppm_raw": 50197267.542363234,
          "residual_ppm_by_lambda1_min": 1240192.606942749,