{
  "label": "p5_6b_eigenvalue_spectrum",
  "geometry": "tian_yau_z3_bicubic",
  "bundle": "anderson_lukas_palti_example",
  "n_pts": 200,
  "seed": 42,
  "k": 2,
  "endpoints": [
    {
      "label": "budget_1",
      "max_iter": 1,
      "donaldson_tol": 1e-9,
      "sigma": 0.5394790285951613,
      "iterations_run": 1,
      "seed_basis_dim": 24,
      "cohomology_dim_predicted": 9,
      "cohomology_dim_observed_default": 0,
      "eigenvalues_full": [
        1.1856646528063768,
        1.1878307056039927,
        1.187830705604011,
        1.2266253561373883,
        1.2266253561373934,
        1.2274607840997531,
        1.4229356319585789,
        1.4241463575749707,
        1.4241463575750166,
        1.5244361377206288,
        1.5244361377206488,
        1.524930342725767,
        1.5986590572364796,
        1.598659057236527,
        1.5992380685040901,
        1.6522749254963522,
        1.6522749254963742,
        1.6536061753926905,
        1.8752047967897332,
        1.8765281555483884,
        1.8765281555484232,
        1.950229546441836,
        1.9502295464418373,
        1.9541565949532838
      ],
      "eigenvalue_min": 1.1856646528063768,
      "eigenvalue_max": 1.9541565949532838,
      "largest_lower_half_gap": 1.1592513996300022,
      "largest_lower_half_gap_index": 5,
      "elapsed_s": 0.3688359
    },
    {
      "label": "budget_10",
      "max_iter": 10,
      "donaldson_tol": 1e-9,
      "sigma": 0.5170276282897398,
      "iterations_run": 10,
      "seed_basis_dim": 24,
      "cohomology_dim_predicted": 9,
      "cohomology_dim_observed_default": 0,
      "eigenvalues_full": [
        1.1856646528063768,
        1.1878307056039927,
        1.187830705604011,
        1.2266253561373883,
        1.2266253561373934,
        1.2274607840997531,
        1.4229356319585789,
        1.4241463575749707,
        1.4241463575750166,
        1.5244361377206288,
        1.5244361377206488,
        1.524930342725767,
        1.5986590572364796,
        1.598659057236527,
        1.5992380685040901,
        1.6522749254963522,
        1.6522749254963742,
        1.6536061753926905,
        1.8752047967897332,
        1.8765281555483884,
        1.8765281555484232,
        1.950229546441836,
        1.9502295464418373,
        1.9541565949532838
      ],
      "eigenvalue_min": 1.1856646528063768,
      "eigenvalue_max": 1.9541565949532838,
      "largest_lower_half_gap": 1.1592513996300022,
      "largest_lower_half_gap_index": 5,
      "elapsed_s": 0.0400347
    },
    {
      "label": "budget_50",
      "max_iter": 50,
      "donaldson_tol": 1e-9,
      "sigma": 0.517030599138368,
      "iterations_run": 30,
      "seed_basis_dim": 24,
      "cohomology_dim_predicted": 9,
      "cohomology_dim_observed_default": 0,
      "eigenvalues_full": [
        1.1856646528063768,
        1.1878307056039927,
        1.187830705604011,
        1.2266253561373883,
        1.2266253561373934,
        1.2274607840997531,
        1.4229356319585789,
        1.4241463575749707,
        1.4241463575750166,
        1.5244361377206288,
        1.5244361377206488,
        1.524930342725767,
        1.5986590572364796,
        1.598659057236527,
        1.5992380685040901,
        1.6522749254963522,
        1.6522749254963742,
        1.6536061753926905,
        1.8752047967897332,
        1.8765281555483884,
        1.8765281555484232,
        1.950229546441836,
        1.9502295464418373,
        1.9541565949532838
      ],
      "eigenvalue_min": 1.1856646528063768,
      "eigenvalue_max": 1.9541565949532838,
      "largest_lower_half_gap": 1.1592513996300022,
      "largest_lower_half_gap_index": 5,
      "elapsed_s": 0.06422
    }
  ],
  "total_elapsed_s": 0.4737422
}