{
  "label": "p5_6_yukawa_propagation",
  "geometry": "Tian-Yau bicubic CY3 (CP^3 × CP^3, Z/3-quotiented)",
  "geometry_note": "PIVOT from brief: Fermat quintic has no Yukawa pipeline in this codebase. Measuring on Tian-Yau where both σ_MA and the Yukawa coupling pipeline (`predict_fermion_masses`) are available.",
  "n_pts": 1000,
  "seed": 42,
  "k": 2,
  "sigma_truth": 0.3310399446248337,
  "truth_label": "seed_99",
  "endpoints": [
    {
      "label": "seed_99",
      "max_iter": 25,
      "donaldson_tol": 1e-9,
      "sigma": 0.3310399446248337,
      "n_basis": 28,
      "iterations_run": 23,
      "elapsed_s_metric": 0.1092212,
      "elapsed_s_yukawa": 0.0981221,
      "masses_at_mz": [
        0.0,
        0.0,
        11.026414939330294,
        0.0,
        0.0,
        0.0,
        0.0,
        0.0,
        0.0
      ],
      "hym_residual": 4.243659062897901,
      "yukawa_uncertainty_relative": 28.403659264217918,
      "quadrature_uniformity_score": 0.6177751357826305
    },
    {
      "label": "seed_42",
      "max_iter": 25,
      "donaldson_tol": 1e-9,
      "sigma": 0.3723712704804233,
      "n_basis": 28,
      "iterations_run": 21,
      "elapsed_s_metric": 0.4567827,
      "elapsed_s_yukawa": 0.100611,
      "masses_at_mz": [
        0.0,
        0.0,
        10.762689474024492,
        0.0,
        0.0,
        0.0,
        0.0,
        0.0,
        0.0
      ],
      "hym_residual": 4.246165093413355,
      "yukawa_uncertainty_relative": 48.8323450648482,
      "quadrature_uniformity_score": 0.6175129134993544
    },
    {
      "label": "seed_12345",
      "max_iter": 25,
      "donaldson_tol": 1e-9,
      "sigma": 0.3750234705103642,
      "n_basis": 28,
      "iterations_run": 22,
      "elapsed_s_metric": 0.095016,
      "elapsed_s_yukawa": 0.1024886,
      "masses_at_mz": [
        0.0,
        0.0,
        43.50978480313219,
        0.0,
        0.0,
        0.0,
        0.0,
        0.0,
        0.0
      ],
      "hym_residual": 4.246975351518834,
      "yukawa_uncertainty_relative": 45.224385712839705,
      "quadrature_uniformity_score": 0.6338334088121961
    },
    {
      "label": "seed_137",
      "max_iter": 25,
      "donaldson_tol": 1e-9,
      "sigma": 0.3824411274695483,
      "n_basis": 28,
      "iterations_run": 23,
      "elapsed_s_metric": 0.1118224,
      "elapsed_s_yukawa": 0.0994499,
      "masses_at_mz": [
        0.0,
        0.0,
        14.494924953121734,
        0.0,
        0.0,
        0.0,
        0.0,
        0.0,
        0.0
      ],
      "hym_residual": 4.24509465009876,
      "yukawa_uncertainty_relative": 58.65888104266945,
      "quadrature_uniformity_score": 0.6273532091910387
    },
    {
      "label": "seed_7",
      "max_iter": 25,
      "donaldson_tol": 1e-9,
      "sigma": 0.3840271606739122,
      "n_basis": 28,
      "iterations_run": 21,
      "elapsed_s_metric": 0.1015626,
      "elapsed_s_yukawa": 0.1063582,
      "masses_at_mz": [
        0.0,
        0.0,
        8.806150924505971,
        0.0,
        0.0,
        0.0,
        0.0,
        0.0,
        0.0
      ],
      "hym_residual": 4.245703021389109,
      "yukawa_uncertainty_relative": 95.99844058193308,
      "quadrature_uniformity_score": 0.6179997466042958
    },
    {
      "label": "seed_271",
      "max_iter": 25,
      "donaldson_tol": 1e-9,
      "sigma": 0.3867880874422154,
      "n_basis": 28,
      "iterations_run": 21,
      "elapsed_s_metric": 0.0910838,
      "elapsed_s_yukawa": 0.1074859,
      "masses_at_mz": [
        0.0,
        0.0,
        34.06522725925696,
        0.0,
        0.0,
        0.0,
        0.0,
        0.0,
        0.0
      ],
      "hym_residual": 4.246401622757953,
      "yukawa_uncertainty_relative": 53.9808012000942,
      "quadrature_uniformity_score": 0.602120854186573
    },
    {
      "label": "seed_100",
      "max_iter": 25,
      "donaldson_tol": 1e-9,
      "sigma": 0.3919169219588888,
      "n_basis": 28,
      "iterations_run": 22,
      "elapsed_s_metric": 0.0964077,
      "elapsed_s_yukawa": 0.0984284,
      "masses_at_mz": [
        0.0,
        0.0,
        18.79689892030249,
        0.0,
        0.0,
        0.0,
        0.0,
        0.0,
        0.0
      ],
      "hym_residual": 4.249650364153037,
      "yukawa_uncertainty_relative": 120.12004352327713,
      "quadrature_uniformity_score": 0.6173509188232227
    }
  ],
  "per_eigenvalue_bias": [
    {
      "name": "m_u",
      "truth": 0.0,
      "values_per_endpoint": [
        0.0,
        0.0,
        0.0,
        0.0,
        0.0,
        0.0
      ],
      "abs_delta_per_endpoint": [
        0.0,
        0.0,
        0.0,
        0.0,
        0.0,
        0.0
      ],
      "rel_bias_per_endpoint": [
        null,
        null,
        null,
        null,
        null,
        null
      ]
    },
    {
      "name": "m_c",
      "truth": 0.0,
      "values_per_endpoint": [
        0.0,
        0.0,
        0.0,
        0.0,
        0.0,
        0.0
      ],
      "abs_delta_per_endpoint": [
        0.0,
        0.0,
        0.0,
        0.0,
        0.0,
        0.0
      ],
      "rel_bias_per_endpoint": [
        null,
        null,
        null,
        null,
        null,
        null
      ]
    },
    {
      "name": "m_t",
      "truth": 11.026414939330294,
      "values_per_endpoint": [
        10.762689474024492,
        43.50978480313219,
        14.494924953121734,
        8.806150924505971,
        34.06522725925696,
        18.79689892030249
      ],
      "abs_delta_per_endpoint": [
        0.2637254653058019,
        32.4833698638019,
        3.4685100137914393,
        2.2202640148243233,
        23.038812319926663,
        7.770483980972195
      ],
      "rel_bias_per_endpoint": [
        0.023917607559381365,
        2.945959320643417,
        0.314563712038403,
        0.20135864893899724,
        2.0894200378537504,
        0.7047153606795199
      ]
    },
    {
      "name": "m_d",
      "truth": 0.0,
      "values_per_endpoint": [
        0.0,
        0.0,
        0.0,
        0.0,
        0.0,
        0.0
      ],
      "abs_delta_per_endpoint": [
        0.0,
        0.0,
        0.0,
        0.0,
        0.0,
        0.0
      ],
      "rel_bias_per_endpoint": [
        null,
        null,
        null,
        null,
        null,
        null
      ]
    },
    {
      "name": "m_s",
      "truth": 0.0,
      "values_per_endpoint": [
        0.0,
        0.0,
        0.0,
        0.0,
        0.0,
        0.0
      ],
      "abs_delta_per_endpoint": [
        0.0,
        0.0,
        0.0,
        0.0,
        0.0,
        0.0
      ],
      "rel_bias_per_endpoint": [
        null,
        null,
        null,
        null,
        null,
        null
      ]
    },
    {
      "name": "m_b",
      "truth": 0.0,
      "values_per_endpoint": [
        0.0,
        0.0,
        0.0,
        0.0,
        0.0,
        0.0
      ],
      "abs_delta_per_endpoint": [
        0.0,
        0.0,
        0.0,
        0.0,
        0.0,
        0.0
      ],
      "rel_bias_per_endpoint": [
        null,
        null,
        null,
        null,
        null,
        null
      ]
    },
    {
      "name": "m_e",
      "truth": 0.0,
      "values_per_endpoint": [
        0.0,
        0.0,
        0.0,
        0.0,
        0.0,
        0.0
      ],
      "abs_delta_per_endpoint": [
        0.0,
        0.0,
        0.0,
        0.0,
        0.0,
        0.0
      ],
      "rel_bias_per_endpoint": [
        null,
        null,
        null,
        null,
        null,
        null
      ]
    },
    {
      "name": "m_mu",
      "truth": 0.0,
      "values_per_endpoint": [
        0.0,
        0.0,
        0.0,
        0.0,
        0.0,
        0.0
      ],
      "abs_delta_per_endpoint": [
        0.0,
        0.0,
        0.0,
        0.0,
        0.0,
        0.0
      ],