{
  "label": "p6_3_chain_match_diagnostic",
  "chain_type": "quark (sqrt2)",
  "n_pts": 10000,
  "k": 3,
  "max_iter": 8,
  "seed": 42,
  "test_degree": 3,
  "n_low": 15,
  "candidates": [
    {
      "label": "TY/Z3",
      "spectrum": {
        "eigenvalues": [
          0.26674326425276335,
          0.3545595164101671,
          0.8082086590756979,
          0.8942720042689698,
          1.1695936852058666,
          1.1817401226035291,
          1.460169429728176,
          1.5208967582039532,
          1.5393710703290528,
          1.7080508710172342,
          1.7659305063681459,
          1.8728123340333893,
          1.8952714331033986,
          2.0590296379479933,
          2.2050526950402958
        ],
        "eigenvalues_full": [
          0.26674326425276335,
          0.3545595164101671,
          0.8082086590756979,
          0.8942720042689698,
          1.1695936852058666,
          1.1817401226035291,
          1.460169429728176,
          1.5208967582039532,
          1.5393710703290528,
          1.7080508710172342,
          1.7659305063681459,
          1.8728123340333893,
          1.8952714331033986,
          2.0590296379479933,
          2.2050526950402958,
          2.205694335452444,
          2.2252029950652514,
          2.355133145331272,
          2.485884835506732,
          2.566380553167486,
          2.6386337912726994,
          2.6495137304674996,
          2.6791422810494785,
          2.7262517636535617,
          2.848131015288689,
          2.907537208339706,
          3.0203239511476547,
          3.103855627596149,
          3.200493916735571,
          3.3475914371055997,
          3.455194260532986,
          3.631731201084966,
          3.6606754551130747,
          3.742959358605824,
          3.842528527988659,
          3.893134415136116,
          3.955029508098046,
          4.041946876969294,
          4.155177320105975,
          4.268803533698109,
          4.29981936600936,
          4.394730197771819,
          4.420695358876557,
          4.459152224584336,
          4.556830012187893,
          4.639151610661929,
          4.675463302198881,
          4.757849400867214,
          4.8140341224920205,
          4.9335471563331526,
          4.98132333397192,
          5.032150466480572,
          5.0618355621572535,
          5.162545554352572,
          5.171832396947619,
          5.2468753696785555,
          5.314376740757119,
          5.428820728305774,
          5.499705486669249,
          5.543403078010231,
          5.611716418403838,
          5.7280607708294164,
          5.816072089367822,
          5.870178251562956,
          5.939562449978463,
          6.016513673380675,
          6.092011538459395,
          6.119110699735512,
          6.252037918620762,
          6.300640353989642,
          6.345182441343319,
          6.438895565175656,
          6.53561290292844,
          6.632708163284471,
          6.709557673262458,
          6.79863039851999,
          6.867393941055792,
          6.939345918690844,
          6.9861002891111506,
          7.117777298561925,
          7.21843594784332,
          7.308060386075361,
          7.385456357264703,
          7.503805672901909,
          7.585628055082598,
          7.702228205063779,
          7.781087255031705,
          7.911003089295017,
          7.978016682924668,
          8.054796544428333,
          8.222544276032675,
          8.336016186564782,
          8.452264122718896,
          8.524608053770292,
          8.588103528739005,
          8.758151303930038,
          8.822817802397703,
          8.934396807519262,
          9.020498069692916,
          9.140729518249556,
          9.255418634352363,
          9.493121243908003,
          9.50342595548381,
          9.734079543933762,
          9.875785212227182,
          9.893438302583057,
          9.999378981918078,
          10.102993059409643,
          10.273293540733766,
          10.436548258155131,
          10.549640721338365,
          10.767687271243377,
          10.819367816232933,
          11.174869693142996,
          11.288135320285766,
          11.529398932734576,
          11.754183558037695,
          11.997501775916238,
          12.14006016020418,
          12.439204485869112,
          12.588236712264992,
          12.862811504309551,
          13.020821145682824,
          13.191318925412892,
          13.632749645538219,
          14.202898918455098,
          14.334137574959655,
          14.626514328772613,
          15.09677637928727,
          15.36140197654516,
          15.897472191947399,
          16.766802041077597,
          17.066066082542772,
          17.236446375009855,
          17.6858278934659,
          18.476471303787616,
          19.54220610684708,
          20.313720597881506,
          22.269102428383754,
          22.53417808994967,
          26.28588706306961,
          39.02970028159613,
          46.45734158093068,
          28293701.910196353,
          39350502.14098685,
          45989464.77100235,
          56510107.49928707,
          66863965.221626826,
          75241632.36092037,
          84456213.88195068,
          104479508.82748847,
          132222448.83252817,
          199506347.6654525,
          268235175.1870544,
          370529557.4495539,
          686246572.6379247,
          1042945175.5491197,
          1077347454.7088695,
          1120609518.1579704,
          1275088910.3744216,
          1397104288.6486845,
          1486972399.939712,
          2691326741.5168786,
          6215363490.482117,
          6370622315.688652
        ],
        "basis_dim": 165,
        "n_points": 10000,
        "wall_clock_seconds": 0.5008556
      },
      "chain_match": {
        "residual_log_str": "2.1288617157939392383636407996046936828056326210516134515431458068984617867921121460541416701270241713943133471002817328174248949825605653975191258951832765e+1",
        "residual_log_f64": 21.288617157939395,
        "n_matched": 6,
        "max_individual_dev_f64": 9.314731820767424,
        "assigned_eigvals": [
          0.26674326425276335,
          0.8082086590756979,
          2.2050526950402958,
          2.0590296379479933,
          1.8952714331033986,
          1.8728123340333893
        ],
        "predicted_exponents": [
          4.0,
          6.5,
          15.0,
          22.5,
          26.0,
          36.5
        ],
        "chain_type": "Quark"
      },
      "metric_iters": 8,
      "metric_sigma": 0.27736327073785655,
      "metric_seconds": 2.233621,
      "spectrum_seconds": 0.511069
    },
    {
      "label": "Schoen/Z3xZ3",
      "spectrum": {
        "eigenvalues": [
          0.11206393023762055,
          0.4578270380989693,
          1.6647752767160129,
          2.550534069193055,
          3.3391620362390046,
          3.613758292449306,
          4.1800126212192685,
          4.9282329302740315,
          5.761234408492233,
          6.028711963917543,
          6.658822285441173,
          6.663345571099211,
          7.737504856071119,
          8.852293796243233,
          9.456179867691587
        ],