{
  "label": "p6_3_chain_match_diagnostic",
  "chain_type": "quark (sqrt2)",
  "n_pts": 500,
  "k": 3,
  "max_iter": 2,
  "seed": 42,
  "test_degree": 3,
  "n_low": 8,
  "candidates": [
    {
      "label": "TY/Z3",
      "spectrum": {
        "eigenvalues": [
          0.09805856847787568,
          0.19868799674246113,
          0.3705979110127355,
          0.38677971781405135,
          0.5855896158708062,
          0.6700969743269617,
          0.9691544598440209,
          0.9740329659731836
        ],
        "eigenvalues_full": [
          0.09805856847787568,
          0.19868799674246113,
          0.3705979110127355,
          0.38677971781405135,
          0.5855896158708062,
          0.6700969743269617,
          0.9691544598440209,
          0.9740329659731836,
          1.1149117866246026,
          1.2028612155114637,
          1.3222385650825905,
          1.3974148485827889,
          1.3991426325982865,
          1.5628844390931165,
          1.6303703521894144,
          1.7659297564003151,
          2.0477695326096974,
          2.1358249875740443,
          2.1925046533731516,
          2.2933698222132337,
          2.384673954536254,
          2.4360197059690805,
          2.5779295234529873,
          2.791684982322921,
          2.8362337623417417,
          2.9386404899218865,
          3.031397286439932,
          3.1528525715843463,
          3.190750393321555,
          3.287611612105392,
          3.402473484863822,
          3.442401803741913,
          3.5885653762145253,
          3.656262818740299,
          3.7660013257186793,
          3.817822433286739,
          3.898581082596483,
          3.9257347521959556,
          3.9819680632396204,
          4.167188787285886,
          4.252608185247133,
          4.333163990009511,
          4.363399433398009,
          4.456268255975441,
          4.541756547125179,
          4.62612029197804,
          4.778764812786497,
          4.859445994493426,
          4.953342540934544,
          5.036250489678851,
          5.11787322091767,
          5.276537415869556,
          5.416900521906734,
          5.475043785199352,
          5.625665979072221,
          5.7627450515530505,
          5.884642453272023,
          6.040519823017022,
          6.170554662865367,
          6.226100548246389,
          6.376667020807193,
          6.469545682116385,
          6.5778616441823345,
          6.748470078977225,
          6.785719523733834,
          6.883723926563335,
          6.965265130128535,
          7.092377091262698,
          7.296324942076465,
          7.404608091220651,
          7.620087895898804,
          7.743616026406231,
          7.975451278325392,
          8.07862600189386,
          8.240171257640817,
          8.46040097947703,
          8.572451445486676,
          8.74891095751714,
          9.06610514859928,
          9.162966329607432,
          9.345299979196902,
          9.394117918330405,
          9.549179097893612,
          9.739514423507783,
          10.043921246757266,
          10.268735009078679,
          10.544200906260933,
          10.64492413856561,
          11.157723546284016,
          11.285268795852195,
          11.443870996464998,
          11.932721486019082,
          12.003034806345102,
          12.222612635929073,
          12.447970520793811,
          12.64975558581816,
          13.026401499582741,
          13.428025344181655,
          13.702679873842127,
          14.09125440929218,
          14.394441524625444,
          14.745811372201699,
          15.234122088564547,
          15.500124334217475,
          15.911533967728504,
          16.212648702268517,
          16.409743370091228,
          17.485109101078276,
          17.59968275046757,
          18.074118706544034,
          18.33168832205053,
          18.718375841744503,
          19.101505814902605,
          19.730346276913863,
          20.731046476767858,
          21.247785348490837,
          21.865381361573917,
          22.74307881356701,
          23.128713383468618,
          23.848036625634787,
          24.499512144081777,
          26.191946773401803,
          27.00590118196798,
          27.68266690562447,
          29.12434163702074,
          29.959099557515195,
          30.622860092740307,
          31.426094686658786,
          33.31913522683956,
          34.26215081498389,
          35.546446430717765,
          36.937731193209366,
          39.411221052936696,
          41.257640174189646,
          43.11439482034015,
          43.857260243459784,
          48.7092827529393,
          50.759935498711265,
          56.677377669032815,
          63.03483182433859,
          71.45810495853539,
          105.60157170486528,
          32102771.684143297,
          40766432.440477766,
          50211527.516870536,
          59652028.82233157,
          68490573.24580802,
          72051794.93565704,
          88480515.78424035,
          106614185.32645965,
          189616179.32071579,
          257292398.99658346,
          294975947.421316,
          344918594.59723216,
          594574010.6037494,
          818769587.4701375,
          902348542.6469961,
          961527730.6783602,
          1071381755.4574714,
          1245521166.2010257,
          1434840391.6993434,
          2618402855.3611894,
          5584273725.763714,
          5709405461.649828
        ],
        "basis_dim": 164,
        "n_points": 500,
        "wall_clock_seconds": 0.1216501
      },
      "chain_match": {
        "residual_log_str": "2.0976793689607589510029707589513099575098584871873056160211830027138507365763485224649026143113372816955878978193045408069959531109521195667082893582679267e+1",
        "residual_log_f64": 20.976793689607593,
        "n_matched": 6,
        "max_individual_dev_f64": 9.476587391756016,
        "assigned_eigvals": [
          0.09805856847787568,
          0.19868799674246113,
          0.9740329659731836,
          0.9691544598440209,
          0.6700969743269617,
          0.5855896158708062
        ],
        "predicted_exponents": [
          4.0,
          6.5,
          15.0,
          22.5,
          26.0,
          36.5
        ],
        "chain_type": "Quark"
      },
      "metric_iters": 2,
      "metric_sigma": 0.3977852023263134,
      "metric_seconds": 0.4513226,
      "spectrum_seconds": 0.1221106
    },
    {
      "label": "Schoen/Z3xZ3",
      "spectrum": {
        "eigenvalues": [
          0.3074063562133357,
          0.3447864035565131,
          0.6404900165920123,
          0.8875556731622618,
          1.5131224728840653,
          1.7265585549627571,
          2.1536407797409276,
          2.4851231624557273
        ],