{
  "label": "p6_3b_basis_convergence_sweep",
  "chain_type": "quark (sqrt2)",
  "n_pts": 25000,
  "k": 3,
  "max_iter": 100,
  "seed": 12345,
  "n_low": 15,
  "sweep_time_cap_s": 7200.0,
  "rows": [
    {
      "test_degree": 2,
      "basis_dim": 18,
      "ty_residual": 22.939263054569246,
      "schoen_residual": 14.011272740480546,
      "delta": -8.9279903140887,
      "ty_seconds": 15.2244848,
      "schoen_seconds": 5.2145998,
      "ty_skipped_reason": null,
      "schoen_skipped_reason": null,
      "ty_metric_iters": 16,
      "ty_metric_sigma": 0.2716856238752092,
      "schoen_metric_iters": 24,
      "schoen_metric_sigma": 1.8522547541722887
    },
    {
      "test_degree": 3,
      "basis_dim": 62,
      "ty_residual": 23.633462619875374,
      "schoen_residual": 16.64103677718701,
      "delta": -6.9924258426883625,
      "ty_seconds": 18.3262472,
      "schoen_seconds": 6.2777233,
      "ty_skipped_reason": null,
      "schoen_skipped_reason": null,
      "ty_metric_iters": 16,
      "ty_metric_sigma": 0.2716856238752092,
      "schoen_metric_iters": 24,
      "schoen_metric_sigma": 1.8522547541722887
    },
    {
      "test_degree": 4,
      "basis_dim": 178,
      "ty_residual": 23.685622501465275,
      "schoen_residual": 14.361264623711854,
      "delta": -9.324357877753421,
      "ty_seconds": 21.9571333,
      "schoen_seconds": 6.6211851,
      "ty_skipped_reason": null,
      "schoen_skipped_reason": null,
      "ty_metric_iters": 16,
      "ty_metric_sigma": 0.2716856238752092,
      "schoen_metric_iters": 24,
      "schoen_metric_sigma": 1.8522547541722887
    },
    {
      "test_degree": 5,
      "basis_dim": 450,
      "ty_residual": 23.398232729711214,
      "schoen_residual": 12.19499272226869,
      "delta": -11.203240007442524,
      "ty_seconds": 34.5133574,
      "schoen_seconds": 9.4136023,
      "ty_skipped_reason": null,
      "schoen_skipped_reason": null,
      "ty_metric_iters": 16,
      "ty_metric_sigma": 0.2716856238752092,
      "schoen_metric_iters": 24,
      "schoen_metric_sigma": 1.8522547541722887
    }
  ],
  "converged": false,
  "converged_test_degree": null,
  "converged_ty_residual": null,
  "converged_schoen_residual": null,
  "converged_delta": null,
  "convergence_notes": [
    "deg 2->3: TY rel-Δ=0.030 Schoen rel-Δ=0.188 delta rel-Δ=0.217 sign-kept=true",
    "deg 3->4: TY rel-Δ=0.002 Schoen rel-Δ=0.137 delta rel-Δ=0.333 sign-kept=true",
    "deg 4->5: TY rel-Δ=0.012 Schoen rel-Δ=0.151 delta rel-Δ=0.202 sign-kept=true",
    "No consecutive pair of degrees met the 10% convergence criterion."
  ],
  "total_elapsed_s": 117.5844552
}