{
  "label": "p6_3b_basis_convergence_sweep",
  "chain_type": "lepton (phi)",
  "n_pts": 25000,
  "k": 3,
  "max_iter": 100,
  "seed": 12345,
  "n_low": 15,
  "sweep_time_cap_s": 7200.0,
  "rows": [
    {
      "test_degree": 2,
      "basis_dim": 18,
      "ty_residual": 43.86192507138603,
      "schoen_residual": 31.085287799171653,
      "delta": -12.77663727221438,
      "ty_seconds": 19.0893888,
      "schoen_seconds": 5.6964690000000004,
      "ty_skipped_reason": null,
      "schoen_skipped_reason": null,
      "ty_metric_iters": 16,
      "ty_metric_sigma": 0.2716856238752092,
      "schoen_metric_iters": 24,
      "schoen_metric_sigma": 1.8522547541722887
    },
    {
      "test_degree": 3,
      "basis_dim": 62,
      "ty_residual": 44.68863901896731,
      "schoen_residual": 33.35489954090536,
      "delta": -11.33373947806195,
      "ty_seconds": 18.1619689,
      "schoen_seconds": 5.2991099,
      "ty_skipped_reason": null,
      "schoen_skipped_reason": null,
      "ty_metric_iters": 16,
      "ty_metric_sigma": 0.2716856238752092,
      "schoen_metric_iters": 24,
      "schoen_metric_sigma": 1.8522547541722887
    },
    {
      "test_degree": 4,
      "basis_dim": 178,
      "ty_residual": 44.726278970390524,
      "schoen_residual": 29.399862066942937,
      "delta": -15.326416903447587,
      "ty_seconds": 19.8389077,
      "schoen_seconds": 6.7913851,
      "ty_skipped_reason": null,
      "schoen_skipped_reason": null,
      "ty_metric_iters": 16,
      "ty_metric_sigma": 0.2716856238752092,
      "schoen_metric_iters": 24,
      "schoen_metric_sigma": 1.8522547541722887
    },
    {
      "test_degree": 5,
      "basis_dim": 450,
      "ty_residual": 44.13056004689018,
      "schoen_residual": 25.8173281301651,
      "delta": -18.31323191672508,
      "ty_seconds": 31.568229,
      "schoen_seconds": 10.4040061,
      "ty_skipped_reason": null,
      "schoen_skipped_reason": null,
      "ty_metric_iters": 16,
      "ty_metric_sigma": 0.2716856238752092,
      "schoen_metric_iters": 24,
      "schoen_metric_sigma": 1.8522547541722887
    }
  ],
  "converged": false,
  "converged_test_degree": null,
  "converged_ty_residual": null,
  "converged_schoen_residual": null,
  "converged_delta": null,
  "convergence_notes": [
    "deg 2->3: TY rel-Δ=0.019 Schoen rel-Δ=0.073 delta rel-Δ=0.113 sign-kept=true",
    "deg 3->4: TY rel-Δ=0.001 Schoen rel-Δ=0.119 delta rel-Δ=0.352 sign-kept=true",
    "deg 4->5: TY rel-Δ=0.013 Schoen rel-Δ=0.122 delta rel-Δ=0.195 sign-kept=true",
    "No consecutive pair of degrees met the 10% convergence criterion."
  ],
  "total_elapsed_s": 116.8828894
}