{
  "label": "p7_7_higher_k_omega_fix",
  "e8_dim": 248,
  "predicted_omega_fix": 0.4959677419354839,
  "n_pts": 25000,
  "seed": 12345,
  "k_list": [
    3
  ],
  "test_degree_list": [
    2
  ],
  "wallclock_estimates": [
    {
      "k": 3,
      "estimated_donaldson_seconds_each_geometry": 90.0,
      "estimated_spectrum_seconds_each_cell": 10.0
    }
  ],
  "cells": [
    {
      "channel": "bundle_laplacian",
      "geometry": "schoen_z3xz3",
      "k": 3,
      "test_degree": 2,
      "metric_iters": 24,
      "metric_sigma_residual": 1.8522547541722887,
      "metric_seconds": 1.9022629,
      "spectrum_seconds": 0.0173576,
      "full_basis_dim": 600,
      "gamma_basis_dim": 66,
      "final_basis_dim": 8,
      "gamma_survival_fraction": 0.11,
      "final_survival_fraction": 0.013333333333333334,
      "n_points": 25000,
      "lambda_min_nonzero": 7.43326334835039,
      "lambda_max": 29.957900952267288,
      "lambda_mean": 15.41903494057605,
      "lambda_trace": 123.3522795246084,
      "volume_proxy": 0.7410240907569103,
      "full_spectrum_head": [
        5.752408000791459,
        7.43326334835039,
        7.5735999328548775,
        8.036817715068029,
        8.667541089361952,
        26.11540648692677,
        29.81534199898765,
        29.957900952267288
      ],
      "bottom_eigvalues": [
        {
          "rank": 0,
          "eigenvalue": 7.43326334835039,
          "normalised": {
            "raw": 7.43326334835039,
            "by_lambda1_min": 1.0,
            "by_lambda_max": 0.24812363723993894,
            "by_mean": 0.48208356599473956,
            "by_trace": 0.060260445749342445,
            "by_volume": 10.031068410687931,
            "by_saturating_abs": 0.8814219408675755,
            "by_volume_dim": 6.726517790043293
          },
          "residual_ppm_raw": 13987392.767405663,
          "residual_ppm_by_lambda1_min": 1016260.162601626,
          "residual_ppm_by_lambda_max": 499718.19483329385,
          "residual_ppm_by_mean": 27994.110839874716,
          "residual_ppm_by_trace": 878499.2638549843,
          "residual_ppm_by_volume": 19225243.62480168,
          "residual_ppm_by_saturating_abs": 777175.9458142986,
          "residual_ppm_by_volume_dim": 12562409.85309542
        },
        {
          "rank": 1,
          "eigenvalue": 7.5735999328548775,
          "normalised": {
            "raw": 7.5735999328548775,
            "by_lambda1_min": 1.0188795388953402,
            "by_lambda_max": 0.25280809710006363,
            "by_mean": 0.49118508142974154,
            "by_trace": 0.06139813517871769,
            "by_volume": 10.220450356909332,
            "by_saturating_abs": 0.883362880489921,
            "by_volume_dim": 6.853511344290614
          },
          "residual_ppm_raw": 14270347.832097638,
          "residual_ppm_by_lambda1_min": 1054326.2247645885,
          "residual_ppm_by_lambda_max": 490273.10503401805,
          "residual_ppm_by_mean": 9643.087848976407,
          "residual_ppm_by_trace": 876205.3859811221,
          "residual_ppm_by_volume": 19607086.898483858,
          "residual_ppm_by_saturating_abs": 781089.3850528487,
          "residual_ppm_by_volume_dim": 12818461.897431482
        },
        {
          "rank": 2,
          "eigenvalue": 8.036817715068029,
          "normalised": {
            "raw": 8.036817715068029,
            "by_lambda1_min": 1.0811964191812984,
            "by_lambda_max": 0.2682703880980614,
            "by_mean": 0.5212270252996635,
            "by_trace": 0.06515337816245793,
            "by_volume": 10.845555246198428,
            "by_saturating_abs": 0.8893415766998823,
            "by_volume_dim": 7.272686948154109
          },
          "residual_ppm_raw": 15204315.392982693,
          "residual_ppm_by_lambda1_min": 1179973.2679427804,
          "residual_ppm_by_lambda_max": 459097.10367220134,
          "residual_ppm_by_mean": 50929.286783061296,
          "residual_ppm_by_trace": 868633.8391521174,
          "residual_ppm_by_volume": 20867460.984204963,
          "residual_ppm_by_saturating_abs": 793143.9920452912,
          "residual_ppm_by_volume_dim": 13663628.968635928
        },
        {
          "rank": 3,
          "eigenvalue": 8.667541089361952,
          "normalised": {
            "raw": 8.667541089361952,
            "by_lambda1_min": 1.1660478962157956,
            "by_lambda_max": 0.289324045205042,
            "by_mean": 0.5621325279283748,
            "by_trace": 0.07026656599104684,
            "by_volume": 11.696706217079386,
            "by_saturating_abs": 0.8965610809660393,
            "by_volume_dim": 7.843441917938105
          },
          "residual_ppm_raw": 16476017.806193205,
          "residual_ppm_by_lambda1_min": 1351055.920825344,
          "residual_ppm_by_lambda_max": 416647.4535703218,
          "residual_ppm_by_mean": 133405.42216452796,
          "residual_ppm_by_trace": 858324.322229434,
          "residual_ppm_by_volume": 22583602.77915193,
          "residual_ppm_by_saturating_abs": 807700.390890876,
          "residual_ppm_by_volume_dim": 14814419.476818293
        },
        {
          "rank": 4,
          "eigenvalue": 26.11540648692677,
          "normalised": {
            "raw": 26.11540648692677,
            "by_lambda1_min": 3.5133164618366943,
            "by_lambda_max": 0.8717368592858736,
            "by_mean": 1.6937121283902548,
            "by_trace": 0.21171401604878184,
            "by_volume": 35.242317777079954,
            "by_saturating_abs": 0.9631205971231841,
            "by_volume_dim": 23.63238568259648
          },
          "residual_ppm_raw": 51655453.729738526,
          "residual_ppm_by_lambda1_min": 6083760.020613822,
          "residual_ppm_by_lambda_max": 757648.3016495664,
          "residual_ppm_by_mean": 2414964.2913884814,
          "residual_ppm_by_trace": 573129.46357644,
          "residual_ppm_by_volume": 70057681.3716734,
          "residual_ppm_by_saturating_abs": 941901.6917605663,
          "residual_ppm_by_volume_dim": 46649037.79905632
        },
        {
          "rank": 5,
          "eigenvalue": 29.81534199898765,
          "normalised": {
            "raw": 29.81534199898765,
            "by_lambda1_min": 4.011070320225416,
            "by_lambda_max": 0.9952413570794969,
            "by_mean": 1.9336710834299307,
            "by_trace": 0.24170888542874133,
            "by_volume": 40.2353207822611,
            "by_saturating_abs": 0.9675486321056294,
            "by_volume_dim": 26.980535866110912
          },
          "residual_ppm_raw": 59115486.306901924,
          "residual_ppm_by_lambda1_min": 7087361.296064253,
          "residual_ppm_by_lambda_max": 1006665.5004529693,
          "residual_ppm_by_mean": 2898783.9730944945,
          "residual_ppm_by_trace": 512652.0033631881,
          "residual_ppm_by_volume": 80124874.42277035,
          "residual_ppm_by_saturating_abs": 950829.7622942771,
          "residual_ppm_by_volume_dim": 53399779.632483795
        },
        {
          "rank": 6,
          "eigenvalue": 29.957900952267288,
          "normalised": {
            "raw": 29.957900952267288,
            "by_lambda1_min": 4.030248835313446,
            "by_lambda_max": 1.0,
            "by_mean": 1.9429167303740522,
            "by_trace": 0.24286459129675653,
            "by_volume": 40.42770177912454,
            "by_saturating_abs": 0.9676980683689809,
            "by_volume_dim": 27.109540489037162
          },
          "residual_ppm_raw": 59402922.24522185,
          "residual_ppm_by_lambda1_min": 7126030.172014102,
          "residual_ppm_by_lambda_max": 1016260.162601626,
          "residual_ppm_by_mean": 2917425.602705406,
          "residual_ppm_by_trace": 510321.79966182425,
          "residual_ppm_by_volume": 80512764.5627877,
          "residual_ppm_by_saturating_abs": 951131.0646789208,
          "residual_ppm_by_volume_dim": 53659886.51448143
        }
      ],
      "closest_to_omega_fix": {
        "rank": 1,