{
  "label": "p7_7_higher_k_omega_fix",
  "e8_dim": 248,
  "predicted_omega_fix": 0.4959677419354839,
  "n_pts": 500,
  "seed": 12345,
  "k_list": [
    3
  ],
  "test_degree_list": [
    2
  ],
  "wallclock_estimates": [
    {
      "k": 3,
      "estimated_donaldson_seconds_each_geometry": 90.0,
      "estimated_spectrum_seconds_each_cell": 10.0
    }
  ],
  "cells": [
    {
      "channel": "bundle_laplacian",
      "geometry": "schoen_z3xz3",
      "k": 3,
      "test_degree": 2,
      "metric_iters": 10,
      "metric_sigma_residual": 2.956221661213827,
      "metric_seconds": 4.3504645,
      "spectrum_seconds": 0.0003946,
      "full_basis_dim": 600,
      "gamma_basis_dim": 66,
      "final_basis_dim": 8,
      "gamma_survival_fraction": 0.11,
      "final_survival_fraction": 0.013333333333333334,
      "n_points": 500,
      "lambda_min_nonzero": -35.556092088463984,
      "lambda_max": 3346.391434269771,
      "lambda_mean": 751.4340242280691,
      "lambda_trace": 6011.472193824553,
      "volume_proxy": 18.41004007295561,
      "full_spectrum_head": [
        -101.19528708740225,
        -35.556092088463984,
        21.51023881738284,
        34.27469154822406,
        124.93237609260655,
        193.92059865250792,
        2427.194233619927,
        3346.391434269771
      ],
      "bottom_eigvalues": [
        {
          "rank": 0,
          "eigenvalue": -35.556092088463984,
          "normalised": {
            "raw": -35.556092088463984,
            "by_lambda1_min": null,
            "by_lambda_max": -0.010625204130138715,
            "by_mean": -0.04731764990943808,
            "by_trace": -0.00591470623867976,
            "by_volume": -1.9313424602858937,
            "by_saturating_abs": 1.0289384574343647,
            "by_volume_dim": -93.88558865449193
          },
          "residual_ppm_raw": 72690332.01576477,
          "residual_ppm_by_lambda1_min": null,
          "residual_ppm_by_lambda_max": 1021423.1758071089,
          "residual_ppm_by_mean": 1095404.6925003305,
          "residual_ppm_by_trace": 1011925.5865625412,
          "residual_ppm_by_volume": 4894088.863015461,
          "residual_ppm_by_saturating_abs": 1074607.6214936783,
          "residual_ppm_by_volume_dim": 190297772.24645525
        },
        {
          "rank": 1,
          "eigenvalue": 21.51023881738284,
          "normalised": {
            "raw": 21.51023881738284,
            "by_lambda1_min": null,
            "by_lambda_max": 0.006427890831030852,
            "by_mean": 0.028625585379208528,
            "by_trace": 0.003578198172401066,
            "by_volume": 1.1683971752446878,
            "by_saturating_abs": 0.9555757711807225,
            "by_volume_dim": 56.79762074088869
          },
          "residual_ppm_raw": 42370237.61553614,
          "residual_ppm_by_lambda1_min": null,
          "residual_ppm_by_lambda_max": 987039.6997878402,
          "residual_ppm_by_mean": 942283.3725687504,
          "residual_ppm_by_trace": 992785.4215710938,
          "residual_ppm_by_volume": 1355792.6785421348,
          "residual_ppm_by_saturating_abs": 926689.3597790176,
          "residual_ppm_by_volume_dim": 113518780.03040972
        },
        {
          "rank": 2,
          "eigenvalue": 34.27469154822406,
          "normalised": {
            "raw": 34.27469154822406,
            "by_lambda1_min": null,
            "by_lambda_max": 0.010242284030858834,
            "by_mean": 0.045612376393833996,
            "by_trace": 0.0057015470492292495,
            "by_volume": 1.8617391060747153,
            "by_saturating_abs": 0.9716510632379903,
            "by_volume_dim": 90.50206034875775
          },
          "residual_ppm_raw": 68106695.15414284,
          "residual_ppm_by_lambda1_min": null,
          "residual_ppm_by_lambda_max": 979348.8907345285,
          "residual_ppm_by_mean": 908033.5825555217,
          "residual_ppm_by_trace": 988504.1978194402,
          "residual_ppm_by_volume": 2753750.392736011,
          "residual_ppm_by_saturating_abs": 959101.3307562731,
          "residual_ppm_by_volume_dim": 181475698.91456848
        },
        {
          "rank": 3,
          "eigenvalue": 124.93237609260655,
          "normalised": {
            "raw": 124.93237609260655,
            "by_lambda1_min": null,
            "by_lambda_max": 0.03733346159483836,
            "by_mean": 0.16625860962437347,
            "by_trace": 0.020782326203046684,
            "by_volume": 6.786100171293624,
            "by_saturating_abs": 0.9920592302708191,
            "by_volume_dim": 329.88298157952727
          },
          "residual_ppm_raw": 250896172.93468636,
          "residual_ppm_by_lambda1_min": null,
          "residual_ppm_by_lambda_max": 924726.0286543097,
          "residual_ppm_by_mean": 664779.3887248406,
          "residual_ppm_by_trace": 958097.423590605,
          "residual_ppm_by_volume": 12682543.434803404,
          "residual_ppm_by_saturating_abs": 1000249.5049362857,
          "residual_ppm_by_volume_dim": 664129914.0790468
        },
        {
          "rank": 4,
          "eigenvalue": 193.92059865250792,
          "normalised": {
            "raw": 193.92059865250792,
            "by_lambda1_min": null,
            "by_lambda_max": 0.057949167771170824,
            "by_mean": 0.25806736506470823,
            "by_trace": 0.03225842063308853,
            "by_volume": 10.533415347497137,
            "by_saturating_abs": 0.9948697058858169,
            "by_volume_dim": 512.0458545169859
          },
          "residual_ppm_raw": 389994377.77091026,
          "residual_ppm_by_lambda1_min": null,
          "residual_ppm_by_lambda_max": 883159.4015670702,
          "residual_ppm_by_mean": 479669.05255245825,
          "residual_ppm_by_trace": 934958.6315690572,
          "residual_ppm_by_volume": 20238105.74129504,
          "residual_ppm_by_saturating_abs": 1005916.154956769,
          "residual_ppm_by_volume_dim": 1031417657.8879064
        },
        {
          "rank": 5,
          "eigenvalue": 2427.194233619927,
          "normalised": {
            "raw": 2427.194233619927,
            "by_lambda1_min": null,
            "by_lambda_max": 0.7253168917310401,
            "by_mean": 3.2300829552046544,
            "by_trace": 0.4037603694005818,
            "by_volume": 131.84079035142793,
            "by_saturating_abs": 0.9995881713307139,
            "by_volume_dim": 6408.987771637858
          },
          "residual_ppm_raw": 4892855040.144243,
          "residual_ppm_by_lambda1_min": null,
          "residual_ppm_by_lambda_max": 462427.5540593328,
          "residual_ppm_by_mean": 5512687.584477677,
          "residual_ppm_by_trace": 185914.05194029037,
          "residual_ppm_by_volume": 264825333.39149696,
          "residual_ppm_by_saturating_abs": 1015429.8088619272,
          "residual_ppm_by_volume_dim": 12921186726.55438
        },
        {
          "rank": 6,
          "eigenvalue": 3346.391434269771,
          "normalised": {
            "raw": 3346.391434269771,
            "by_lambda1_min": null,
            "by_lambda_max": 1.0,
            "by_mean": 4.4533403151493465,
            "by_trace": 0.5566675393936683,
            "by_volume": 181.76991581814247,
            "by_saturating_abs": 0.9997012599154785,
            "by_volume_dim": 8836.120935143505
          },
          "residual_ppm_raw": 6746195737.389457,
          "residual_ppm_by_lambda1_min": null,
          "residual_ppm_by_lambda_max": 1016260.162601626,
          "residual_ppm_by_mean": 7979092.667943397,
          "residual_ppm_by_trace": 122386.5834929247,
          "residual_ppm_by_volume": 365495440.0235718,
          "residual_ppm_by_saturating_abs": 1015657.8248702331,
          "residual_ppm_by_volume_dim": 17814918633.460075
        }
      ],
      "closest_to_omega_fix": {
        "rank": 6,
        "eigenvalue": 3346.391434269771,
        "chosen_scheme": "by_trace",
        "chosen_value": 0.5566675393936683,