{
  "label": "p7_7_higher_k_omega_fix",
  "e8_dim": 248,
  "predicted_omega_fix": 0.4959677419354839,
  "n_pts": 25000,
  "seed": 12345,
  "k_list": [
    3
  ],
  "test_degree_list": [
    2
  ],
  "wallclock_estimates": [
    {
      "k": 3,
      "estimated_donaldson_seconds_each_geometry": 90.0,
      "estimated_spectrum_seconds_each_cell": 10.0
    }
  ],
  "cells": [
    {
      "channel": "bundle_laplacian",
      "geometry": "schoen_z3xz3",
      "k": 3,
      "test_degree": 2,
      "metric_iters": 24,
      "metric_sigma_residual": 1.8522547541722887,
      "metric_seconds": 1.9086854,
      "spectrum_seconds": 0.0156278,
      "full_basis_dim": 600,
      "gamma_basis_dim": 66,
      "final_basis_dim": 8,
      "gamma_survival_fraction": 0.11,
      "final_survival_fraction": 0.013333333333333334,
      "n_points": 25000,
      "lambda_min_nonzero": 7.42918502028165,
      "lambda_max": 29.842817239168994,
      "lambda_mean": 15.360401956819409,
      "lambda_trace": 122.88321565455527,
      "volume_proxy": 0.7410240907569103,
      "full_spectrum_head": [
        5.7521300715286765,
        7.42918502028165,
        7.5710681313693415,
        8.03209949724174,
        8.66571369217385,
        26.035128847588908,
        29.55507315520211,
        29.842817239168994
      ],
      "bottom_eigvalues": [
        {
          "rank": 0,
          "eigenvalue": 7.42918502028165,
          "normalised": {
            "raw": 7.42918502028165,
            "by_lambda1_min": 1.0,
            "by_lambda_max": 0.24894382325710088,
            "by_mean": 0.4836582428745223,
            "by_trace": 0.06045728035931529,
            "by_volume": 10.025564773060477,
            "by_saturating_abs": 0.8813645687461031,
            "by_volume_dim": 6.7228272244030896
          },
          "residual_ppm_raw": 13979169.796990644,
          "residual_ppm_by_lambda1_min": 1016260.162601626,
          "residual_ppm_by_lambda_max": 498064.48644096736,
          "residual_ppm_by_mean": 24819.15257819894,
          "residual_ppm_by_trace": 878102.3940722749,
          "residual_ppm_by_volume": 19214146.859504048,
          "residual_ppm_by_saturating_abs": 777060.2686913299,
          "residual_ppm_by_volume_dim": 12554968.712617612
        },
        {
          "rank": 1,
          "eigenvalue": 7.5710681313693415,
          "normalised": {
            "raw": 7.5710681313693415,
            "by_lambda1_min": 1.0190980720900544,
            "by_lambda_max": 0.2536981703400388,
            "by_mean": 0.49289518286388906,
            "by_trace": 0.06161189785798613,
            "by_volume": 10.217033731839896,
            "by_saturating_abs": 0.8833284271373263,
            "by_volume_dim": 6.851220263383721
          },
          "residual_ppm_raw": 14265243.061622739,
          "residual_ppm_by_lambda1_min": 1054766.8445392968,
          "residual_ppm_by_lambda_max": 488478.48581845843,
          "residual_ppm_by_mean": 6195.078453296865,
          "residual_ppm_by_trace": 875774.3848066621,
          "residual_ppm_by_volume": 19600198.093465805,
          "residual_ppm_by_saturating_abs": 781019.918130544,
          "residual_ppm_by_volume_dim": 12813842.482269615
        },
        {
          "rank": 2,
          "eigenvalue": 8.03209949724174,
          "normalised": {
            "raw": 8.03209949724174,
            "by_lambda1_min": 1.0811548609052186,
            "by_lambda_max": 0.2691468246067442,
            "by_mean": 0.5229094603006665,
            "by_trace": 0.06536368253758332,
            "by_volume": 10.839188087714458,
            "by_saturating_abs": 0.889283770588955,
            "by_volume_dim": 7.268417332689338
          },
          "residual_ppm_raw": 15194802.238341069,
          "residual_ppm_by_lambda1_min": 1179889.4756462944,
          "residual_ppm_by_lambda_max": 457329.97965469456,
          "residual_ppm_by_mean": 54321.51345175041,
          "residual_ppm_by_trace": 868209.8108185313,
          "residual_ppm_by_volume": 20854623.13620476,
          "residual_ppm_by_saturating_abs": 793027.4398866736,
          "residual_ppm_by_volume_dim": 13655020.31306468
        },
        {
          "rank": 3,
          "eigenvalue": 8.66571369217385,
          "normalised": {
            "raw": 8.66571369217385,
            "by_lambda1_min": 1.1664420348283804,
            "by_lambda_max": 0.2903785397579694,
            "by_mean": 0.5641593049800768,
            "by_trace": 0.0705199131225096,
            "by_volume": 11.694240174192391,
            "by_saturating_abs": 0.8965415248322861,
            "by_volume_dim": 7.841788267432372
          },
          "residual_ppm_raw": 16472333.29804158,
          "residual_ppm_by_lambda1_min": 1351850.6068084417,
          "residual_ppm_by_lambda_max": 414521.3182115739,
          "residual_ppm_by_mean": 137491.93199235003,
          "residual_ppm_by_trace": 857813.5085009562,
          "residual_ppm_by_volume": 22578630.595119618,
          "residual_ppm_by_saturating_abs": 807660.9606374549,
          "residual_ppm_by_volume_dim": 14811085.287180718
        },
        {
          "rank": 4,
          "eigenvalue": 26.035128847588908,
          "normalised": {
            "raw": 26.035128847588908,
            "by_lambda1_min": 3.5044394205438545,
            "by_lambda_max": 0.8724085477230864,
            "by_mean": 1.6949510124004499,
            "by_trace": 0.21186887655005623,
            "by_volume": 35.133984403928935,
            "by_saturating_abs": 0.9630110880685082,
            "by_volume_dim": 23.55974074270361
          },
          "residual_ppm_raw": 51493593.1235939,
          "residual_ppm_by_lambda1_min": 6065861.5958933,
          "residual_ppm_by_lambda_max": 759002.6002871987,
          "residual_ppm_by_mean": 2417462.203864322,
          "residual_ppm_by_trace": 572817.2245169597,
          "residual_ppm_by_volume": 69839253.10710874,
          "residual_ppm_by_saturating_abs": 941680.8930161791,
          "residual_ppm_by_volume_dim": 46502566.70073573
        },
        {
          "rank": 5,
          "eigenvalue": 29.55507315520211,
          "normalised": {
            "raw": 29.55507315520211,
            "by_lambda1_min": 3.9782389420261928,
            "by_lambda_max": 0.9903580120582846,
            "by_mean": 1.924108056435387,
            "by_trace": 0.24051350705442337,
            "by_volume": 39.88409219599518,
            "by_saturating_abs": 0.9672722105779104,
            "by_volume_dim": 26.745013064634232
          },
          "residual_ppm_raw": 58590716.60561076,
          "residual_ppm_by_lambda1_min": 7021164.696117852,
          "residual_ppm_by_lambda_max": 996819.4064264599,
          "residual_ppm_by_mean": 2879502.4227315118,
          "residual_ppm_by_trace": 515062.19715856103,
          "residual_ppm_by_volume": 79416706.2163155,
          "residual_ppm_by_saturating_abs": 950272.4245798518,
          "residual_ppm_by_volume_dim": 52924904.39048203
        },
        {
          "rank": 6,
          "eigenvalue": 29.842817239168994,
          "normalised": {
            "raw": 29.842817239168994,
            "by_lambda1_min": 4.016970523374799,
            "by_lambda_max": 1.0,
            "by_mean": 1.9428409050142055,
            "by_trace": 0.24285511312677568,
            "by_volume": 40.27239817356869,
            "by_saturating_abs": 0.967577540266651,
            "by_volume_dim": 27.005398794168823
          },
          "residual_ppm_raw": 59170883.53913748,
          "residual_ppm_by_lambda1_min": 7099257.640625611,
          "residual_ppm_by_lambda_max": 1016260.162601626,
          "residual_ppm_by_mean": 2917272.7190530323,
          "residual_ppm_by_trace": 510340.910118371,
          "residual_ppm_by_volume": 80199632.08979705,
          "residual_ppm_by_saturating_abs": 950888.0486677191,
          "residual_ppm_by_volume_dim": 53449909.76385258
        }
      ],
      "closest_to_omega_fix": {
        "rank": 1,