{
  "label": "p7_7_higher_k_omega_fix",
  "e8_dim": 248,
  "predicted_omega_fix": 0.4959677419354839,
  "n_pts": 25000,
  "seed": 12345,
  "k_list": [
    3
  ],
  "test_degree_list": [
    2
  ],
  "wallclock_estimates": [
    {
      "k": 3,
      "estimated_donaldson_seconds_each_geometry": 90.0,
      "estimated_spectrum_seconds_each_cell": 10.0
    }
  ],
  "cells": [
    {
      "channel": "bundle_laplacian",
      "geometry": "schoen_z3xz3",
      "k": 3,
      "test_degree": 2,
      "metric_iters": 24,
      "metric_sigma_residual": 1.8522547541722887,
      "metric_seconds": 1.8819960999999998,
      "spectrum_seconds": 0.0171613,
      "full_basis_dim": 600,
      "gamma_basis_dim": 66,
      "final_basis_dim": 8,
      "gamma_survival_fraction": 0.11,
      "final_survival_fraction": 0.013333333333333334,
      "n_points": 25000,
      "lambda_min_nonzero": 7.43322312152665,
      "lambda_max": 29.95675078196648,
      "lambda_mean": 15.418450735785074,
      "lambda_trace": 123.34760588628059,
      "volume_proxy": 0.7410240907569103,
      "full_spectrum_head": [
        5.752405271145143,
        7.43322312152665,
        7.5735748563953,
        8.036771156722905,
        8.667523052946668,
        26.114609276562966,
        29.81274836901448,
        29.95675078196648
      ],
      "bottom_eigvalues": [
        {
          "rank": 0,
          "eigenvalue": 7.43322312152665,
          "normalised": {
            "raw": 7.43322312152665,
            "by_lambda1_min": 1.0,
            "by_lambda_max": 0.24813182095841116,
            "by_mean": 0.4820992231258808,
            "by_trace": 0.0602624028907351,
            "by_volume": 10.031014125241288,
            "by_saturating_abs": 0.8814213752453199,
            "by_volume_dim": 6.7264813879365954
          },
          "residual_ppm_raw": 13987311.65966349,
          "residual_ppm_by_lambda1_min": 1016260.162601626,
          "residual_ppm_by_lambda_max": 499701.69432775636,
          "residual_ppm_by_mean": 27962.54199009395,
          "residual_ppm_by_trace": 878495.3177487619,
          "residual_ppm_by_volume": 19225134.17121821,
          "residual_ppm_by_saturating_abs": 777174.8053726776,
          "residual_ppm_by_volume_dim": 12562336.456977852
        },
        {
          "rank": 1,
          "eigenvalue": 7.5735748563953,
          "normalised": {
            "raw": 7.5735748563953,
            "by_lambda1_min": 1.0188816792626862,
            "by_lambda_max": 0.25281696641661416,
            "by_mean": 0.491202066029734,
            "by_trace": 0.06140025825371675,
            "by_volume": 10.22041651663357,
            "by_saturating_abs": 0.8833625393433092,
            "by_volume_dim": 6.853488652070044
          },
          "residual_ppm_raw": 14270297.271431174,
          "residual_ppm_by_lambda1_min": 1054330.5403020014,
          "residual_ppm_by_lambda_max": 490255.22218438773,
          "residual_ppm_by_mean": 9608.842476633921,
          "residual_ppm_by_trace": 876201.1053095793,
          "residual_ppm_by_volume": 19607018.667683944,
          "residual_ppm_by_saturating_abs": 781088.6972125259,
          "residual_ppm_by_volume_dim": 12818416.144011144
        },
        {
          "rank": 2,
          "eigenvalue": 8.036771156722905,
          "normalised": {
            "raw": 8.036771156722905,
            "by_lambda1_min": 1.081196006810071,
            "by_lambda_max": 0.2682791339827456,
            "by_mean": 0.5212437549299398,
            "by_trace": 0.06515546936624247,
            "by_volume": 10.845492416466298,
            "by_saturating_abs": 0.8893410065766632,
            "by_volume_dim": 7.2726448165193105
          },
          "residual_ppm_raw": 15204221.519246181,
          "residual_ppm_by_lambda1_min": 1179972.4364951025,
          "residual_ppm_by_lambda_max": 459079.4696933259,
          "residual_ppm_by_mean": 50963.0180701225,
          "residual_ppm_by_trace": 868629.6227412346,
          "residual_ppm_by_volume": 20867334.303119037,
          "residual_ppm_by_saturating_abs": 793142.8425285566,
          "residual_ppm_by_volume_dim": 13663544.020299098
        },
        {
          "rank": 3,
          "eigenvalue": 8.667523052946668,
          "normalised": {
            "raw": 8.667523052946668,
            "by_lambda1_min": 1.1660517801282568,
            "by_lambda_max": 0.28933455153502124,
            "by_mean": 0.562152657324383,
            "by_trace": 0.07026908216554788,
            "by_volume": 11.696681877229294,
            "by_saturating_abs": 0.8965608879830703,
            "by_volume_dim": 7.843425596403055
          },
          "residual_ppm_raw": 16475981.440087592,
          "residual_ppm_by_lambda1_min": 1351063.7518033148,
          "residual_ppm_by_lambda_max": 416626.2700757295,
          "residual_ppm_by_mean": 133446.00826379666,
          "residual_ppm_by_trace": 858319.2489670254,
          "residual_ppm_by_volume": 22583553.703681827,
          "residual_ppm_by_saturating_abs": 807700.0017870036,
          "residual_ppm_by_volume_dim": 14814386.568357378
        },
        {
          "rank": 4,
          "eigenvalue": 26.114609276562966,
          "normalised": {
            "raw": 26.114609276562966,
            "by_lambda1_min": 3.5132282254430023,
            "by_lambda_max": 0.8717437170216595,
            "by_mean": 1.6937245981499884,
            "by_trace": 0.21171557476874855,
            "by_volume": 35.24124195461514,
            "by_saturating_abs": 0.9631195128131768,
            "by_volume_dim": 23.631664270015868
          },
          "residual_ppm_raw": 51653846.346240774,
          "residual_ppm_by_lambda1_min": 6083582.113088329,
          "residual_ppm_by_lambda_max": 757662.1286290371,
          "residual_ppm_by_mean": 2414989.43366827,
          "residual_ppm_by_trace": 573126.3207914663,
          "residual_ppm_by_volume": 70055512.23369558,
          "residual_ppm_by_saturating_abs": 941899.5055094947,
          "residual_ppm_by_volume_dim": 46647583.243609235
        },
        {
          "rank": 5,
          "eigenvalue": 29.81274836901448,
          "normalised": {
            "raw": 29.81274836901448,
            "by_lambda1_min": 4.010743103173725,
            "by_lambda_max": 0.9951929895868851,
            "by_mean": 1.9335761341975373,
            "by_trace": 0.24169701677469216,
            "by_volume": 40.231820720649715,
            "by_saturating_abs": 0.9675459005466189,
            "by_volume_dim": 26.978188835293125
          },
          "residual_ppm_raw": 59110256.87411049,
          "residual_ppm_by_lambda1_min": 7086701.541358405,
          "residual_ppm_by_lambda_max": 1006567.9790044512,
          "residual_ppm_by_mean": 2898592.53073975,
          "residual_ppm_by_trace": 512675.93365753134,
          "residual_ppm_by_volume": 80117817.38797666,
          "residual_ppm_by_saturating_abs": 950824.2547606624,
          "residual_ppm_by_volume_dim": 53395047.40774549
        },
        {
          "rank": 6,
          "eigenvalue": 29.95675078196648,
          "normalised": {
            "raw": 29.95675078196648,
            "by_lambda1_min": 4.030115912330357,
            "by_lambda_max": 1.0,
            "by_mean": 1.9429157504417158,
            "by_trace": 0.24286446880521448,
            "by_volume": 40.4261496429455,
            "by_saturating_abs": 0.9676968682196925,
            "by_volume_dim": 27.10849967551726
          },
          "residual_ppm_raw": 59400603.20266412,
          "residual_ppm_by_lambda1_min": 7125762.164698606,
          "residual_ppm_by_lambda_max": 1016260.162601626,
          "residual_ppm_by_mean": 2917423.6269068746,
          "residual_ppm_by_trace": 510322.0466366407,
          "residual_ppm_by_volume": 80509635.05244295,
          "residual_ppm_by_saturating_abs": 951128.6448657215,
          "residual_ppm_by_volume_dim": 53657787.96364455
        }
      ],
      "closest_to_omega_fix": {
        "rank": 1,