{
  "label": "p6_3b_basis_convergence_sweep",
  "chain_type": "lepton (phi)",
  "n_pts": 25000,
  "k": 3,
  "max_iter": 100,
  "seed": 12345,
  "n_low": 15,
  "sweep_time_cap_s": 1500.0,
  "rows": [
    {
      "test_degree": 2,
      "basis_dim": 18,
      "ty_residual": 43.86192507138603,
      "schoen_residual": 31.08528779917165,
      "delta": -12.776637272214384,
      "ty_seconds": 23.2181102,
      "schoen_seconds": 8.3235449,
      "ty_skipped_reason": null,
      "schoen_skipped_reason": null,
      "ty_metric_iters": 16,
      "ty_metric_sigma": 0.2716856238752092,
      "schoen_metric_iters": 24,
      "schoen_metric_sigma": 1.8522547541722887
    },
    {
      "test_degree": 3,
      "basis_dim": 62,
      "ty_residual": 44.68863901896733,
      "schoen_residual": 33.35489954090541,
      "delta": -11.333739478061922,
      "ty_seconds": 33.1074015,
      "schoen_seconds": 5.3466662,
      "ty_skipped_reason": null,
      "schoen_skipped_reason": null,
      "ty_metric_iters": 16,
      "ty_metric_sigma": 0.2716856238752092,
      "schoen_metric_iters": 24,
      "schoen_metric_sigma": 1.8522547541722887
    },
    {
      "test_degree": 4,
      "basis_dim": 178,
      "ty_residual": 44.72627897039052,
      "schoen_residual": 29.399862066942937,
      "delta": -15.32641690344758,
      "ty_seconds": 22.8846791,
      "schoen_seconds": 6.3700478,
      "ty_skipped_reason": null,
      "schoen_skipped_reason": null,
      "ty_metric_iters": 16,
      "ty_metric_sigma": 0.2716856238752092,
      "schoen_metric_iters": 24,
      "schoen_metric_sigma": 1.8522547541722887
    },
    {
      "test_degree": 5,
      "basis_dim": 450,
      "ty_residual": 44.13056004689009,
      "schoen_residual": 25.81732813016552,
      "delta": -18.31323191672457,
      "ty_seconds": 37.7950097,
      "schoen_seconds": 9.03055,
      "ty_skipped_reason": null,
      "schoen_skipped_reason": null,
      "ty_metric_iters": 16,
      "ty_metric_sigma": 0.2716856238752092,
      "schoen_metric_iters": 24,
      "schoen_metric_sigma": 1.8522547541722887
    }
  ],
  "converged": false,
  "converged_test_degree": null,
  "converged_ty_residual": null,
  "converged_schoen_residual": null,
  "converged_delta": null,
  "convergence_notes": [
    "deg 2->3: TY rel-Δ=0.019 Schoen rel-Δ=0.073 delta rel-Δ=0.113 sign-kept=true",
    "deg 3->4: TY rel-Δ=0.001 Schoen rel-Δ=0.119 delta rel-Δ=0.352 sign-kept=true",
    "deg 4->5: TY rel-Δ=0.013 Schoen rel-Δ=0.122 delta rel-Δ=0.195 sign-kept=true",
    "No consecutive pair of degrees met the 10% convergence criterion."
  ],
  "total_elapsed_s": 146.08836
}